图片地址,作品名称,作品类型,人气,评论数,点赞数,作者
https://img.zcool.cn/community/01d76a5e8d51dea80120a895d1ddcd.jpg@260w_195h_1c_1e_1o_100sh.jpg,尚巍手书,平面-字体/字形,16155,26,357,尚巍
https://img.zcool.cn/community/01a5e95e8d8c6da80120a89521abf6.jpg@260w_195h_1c_1e_1o_100sh.jpg,智能创造价值 OKKI品牌形象动画,影视-Motion Graphic,10655,36,699,魔格工作室
https://img.zcool.cn/community/031c5365e908072a80120a8958c2c5f.jpg@260w_195h_1c_1e_1o_100sh.jpg,集萌1.0,UI-其他UI  ,9899,59,348,卡路李
https://img.zcool.cn/community/012f235e8d5861a801216518e0196f.jpg@260w_195h_1c_1e_1o_100sh.jpg,【几拾】半天壶——荣获CGD当代好设计奖,工业/产品-生活用品,20196,78,347,几拾设计
https://img.zcool.cn/community/01b6a25e909f93a80120a895ee2746.jpg,品牌设计实战全能班,学习视频,无,无,无,站酷高高手
https://img.zcool.cn/community/01478d5e8c4f42a80120a89522b597.jpg@260w_195h_1c_1e_1o_100sh.jpg,春日樱,摄影-人像,20706,122,939,腰果虾仁
https://img.zcool.cn/community/011e995e8d4557a80121651836265c.jpg@260w_195h_1c_1e_1o_100sh.jpg,用设计记录生活,平面-字体/字形,26802,67,1201,麦点盛世
https://img.zcool.cn/community/019d925e8d2ce6a80120a8952ed187.jpg@260w_195h_1c_1e_1o_100sh.jpg,没有人是一座孤岛：）,插画-其他插画,14991,69,1265,littlehmxx
https://img.zcool.cn/community/031d04c5e8cb8f2a80120a895467965.jpg@260w_195h_1c_1e_1o_100sh.jpg,Airbnb May Day Campaign Visual Design,网页-专题/活动,32883,46,1286,倩JadeZhang
https://img.zcool.cn/community/0175e95e8d43fea80120a895b6da9c.jpg@260w_195h_1c_1e_1o_100sh.jpg,丁一：无偿借阅  就不玩虚的,文章-专访-多领域,8147,18,277,设计师专访
https://img.zcool.cn/community/0147b25e8c1f19a801216518b743e4.jpg@260w_195h_1c_1e_1o_100sh.jpg,戏如人生,纯艺术-油画,9996,22,165,杜溪
https://img.zcool.cn/community/01f9295e8c737aa80120a8953a1ece.jpg@260w_195h_1c_1e_1o_100sh.jpg,《清平乐》插图,插画-商业插画,41875,252,2410,才仙插画
https://img.zcool.cn/community/01b4445e8c714fa801216518a18ca8.jpg@260w_195h_1c_1e_1o_100sh.jpg,某个春天,插画-插画习作,12013,23,648,离城城城
https://img.zcool.cn/community/0171565e8c4851a8012165180640e4.jpg@260w_195h_1c_1e_1o_100sh.jpg,美的家电详情视觉分享,网页-电商,17647,81,694,松鼠视觉传媒
https://img.zcool.cn/community/0196da5e8c98afa80120a895a2b3de.jpg@260w_195h_1c_1e_1o_100sh.jpg,时代中国—万物所向MV,影视-MV,20918,28,368,The_Nine
https://img.zcool.cn/community/011e885e8c7d99a80120a89564a5b3.jpg@260w_195h_1c_1e_1o_100sh.jpg,PETSHY Visual Identity & Packaging Design,平面-品牌,23742,79,879,瓦社
https://img.zcool.cn/community/011b515e8c885ba80120a895800bb5.jpg@260w_195h_1c_1e_1o_100sh.jpg,时间的褶皱,摄影-人文/纪实,17414,35,331,和威HW
https://img.zcool.cn/community/0178225e8c714ea8012165182f500e.jpg@260w_195h_1c_1e_1o_100sh.jpg,Xenobiology-异源生物系列,三维-人物/生物,7223,19,162,大悲宇宙
https://img.zcool.cn/community/01fee15e8c1687a80120a895537e5a.jpg@260w_195h_1c_1e_1o_100sh.jpg,决战平安京-近期的KV、主视觉海报。,插画-游戏原画,19666,40,643,夕一凹xiao
https://img.zcool.cn/community/0143675e8c3fbca80120a895486b8a.jpg@260w_195h_1c_1e_1o_100sh.jpg,武汉重启【百度 Doodle 设计】2020 ,网页-Banner/广告图,14156,54,608,百度BMD
https://img.zcool.cn/community/0135df5e8b5906a80120a895810aec.jpg@260w_195h_1c_1e_1o_100sh.jpg,「JINTONG」2019-2020年度部分作品精选,平面-海报,20887,94,713,Pyrrha金童
https://img.zcool.cn/community/0161be5e8bef5ca80120a8958827ef.jpg@260w_195h_1c_1e_1o_100sh.jpg,你好小德——高德地图品牌IP设计,平面-吉祥物,17425,130,2342,xiaoxian
https://img.zcool.cn/community/01280f5e8bfd2ca801216518e5e72b.jpg@260w_195h_1c_1e_1o_100sh.jpg,四季的色彩,插画-商业插画,45625,112,2306,李那那
https://img.zcool.cn/community/01ebbb5e8bf76ca80120a895317c9a.jpg@260w_195h_1c_1e_1o_100sh.jpg,上元灯彩图,插画-插画习作,10281,44,600,王小玩
https://img.zcool.cn/community/0101225e8c0bb3a80120a8950119d5.jpg@260w_195h_1c_1e_1o_100sh.jpg,Singer 911 UE4 CG汽车摄影,三维-机械/交通,16460,34,226,mclovin
https://img.zcool.cn/community/01c7ad5e8b3de4a801216518425e55.jpg@260w_195h_1c_1e_1o_100sh.jpg,WeDeFi 数字金融区块链PPT,UI-其他UI  ,11417,103,365,梁宇龙
https://img.zcool.cn/community/0128d15e8ae553a8012165183a2eb7.jpg@260w_195h_1c_1e_1o_100sh.jpg,零散商业案图整理合集,插画-商业插画,21295,23,715,Dola_Sun
https://img.zcool.cn/community/0167cf5e8be005a801216518c98e24.jpg@260w_195h_1c_1e_1o_100sh.jpg,我常用的创意方法,文章-教程-多领域,22046,57,1442,菜心轻量文
https://img.zcool.cn/community/0150175e8ae9c2a80120a8953227d5.jpg@260w_195h_1c_1e_1o_100sh.jpg,SK糖王 | 翻糖人偶作品 &lt;狐仙 &gt;,手工艺-手办/原型,11277,55,359,糖王周毅团队
https://img.zcool.cn/community/0154995e8ae889a801216518c72d7a.jpg@260w_195h_1c_1e_1o_100sh.jpg,巴颜简笔插画  整理19年-20年头像系列,插画-儿童插画,33452,68,1002,巴颜简笔插画
https://img.zcool.cn/community/01d8ab5e8b3538a80120a895860fad.jpg@260w_195h_1c_1e_1o_100sh.jpg,迪升涂字-手写字体设计,平面-字体/字形,16231,28,364,迪升
https://img.zcool.cn/community/017ca95e8a1817a80120a895b4484b.jpg@260w_195h_1c_1e_1o_100sh.jpg,China city taste bud map,摄影-其他摄影,36669,167,1546,YUM汤汤
https://img.zcool.cn/community/0130a25e8ad3d2a8012165184a136e.jpg@260w_195h_1c_1e_1o_100sh.jpg,动效设计作品集 ShowReel 2020,UI-动效设计,24388,57,757,TCWison
https://img.zcool.cn/community/01a9d15e89d873a80121651878b5a6.jpg@260w_195h_1c_1e_1o_100sh.jpg,这些风景也太美了吧，风光摄影师Thomas的作品精选,摄影-风光,55524,46,828,thomas看看世界
https://img.zcool.cn/community/01f9485e8af38da801216518361916.jpg@260w_195h_1c_1e_1o_100sh.jpg,【产品渲染--深色】,三维-产品,36240,106,788,陈呵呵诶
https://img.zcool.cn/community/01d9dc5e8b051ca80120a895bc94f7.jpg@260w_195h_1c_1e_1o_100sh.jpg,【 中国白·哲选 】一鹿有你 陶瓷摆件 礼品 纪念品,工业/产品-礼品/纪念品,7224,16,88,中国白哲选
https://img.zcool.cn/community/0148ba5e8a4dada801216518166199.jpg@260w_195h_1c_1e_1o_100sh.jpg,设计师【赛博朋克通识】,文章-观点-多领域,16567,133,1329,小田仙人
https://img.zcool.cn/community/01e86f5e899e82a80120a895339c76.jpg@260w_195h_1c_1e_1o_100sh.jpg,吻,摄影-人像,145724,319,1563,蔡九记
https://img.zcool.cn/community/01f9c35e88b46ea801216518a6c93f.jpg@260w_195h_1c_1e_1o_100sh.jpg,来自1912甲板之上,摄影-人像,22079,48,464,ARTLee小杰
https://img.zcool.cn/community/015c3e5e8d9e2fa801216518812920.jpg,露珠  - 创意视频,正版视频,无,无,无,站酷海洛
