图片地址,作品名字,作品类型,人气数,点赞数,评论数,作者图片,作者
https://img.zhisheji.com/FgTvATioC5NyLRU4Xw9f7Ih7LVl2?imageMogr2/thumbnail/600x/crop/!434x271a93a231,橘子味的可乐,插画,4755,126,25,https://www.zhisheji.com/uc_server/data/avatar/000/38/67/76_avatar_small.jpg,kiki李可乐
https://img.zhisheji.com/Fu1uzhMN6LfKpmpPiSleTLe0ZSn5?imageMogr2/quality/100/sharpen/1/thumbnail/290x/crop/!290x180,九阳真空破壁机/垃圾处理器,详情页-家电办公,5379,87,19,https://www.zhisheji.com/uc_server/data/avatar/000/36/44/57_avatar_small.jpg,陆齐铭
https://img.zhisheji.com/Fm6dC5JRrA6L2IrmvXkQWWPRf-Y-?imageMogr2/quality/100/sharpen/1/thumbnail/290x/crop/!290x180,韩国ASHMORE小王子声波盒,详情页-家电办公,5238,67,24,https://www.zhisheji.com/uc_server/data/avatar/000/14/27/59_avatar_small.jpg,MOI摩尔
https://img.zhisheji.com/Ft1z3DVySocd00IJbl2eMxV9JgU2?imageMogr2/quality/100/sharpen/1/thumbnail/290x/crop/!290x180,SA9527-美丽的你如此迷人 & 创意插图~,插画,3034,50,16,https://www.zhisheji.com/uc_server/data/avatar/000/02/96/08_avatar_small.jpg,SA九五二七
https://img.zhisheji.com/FuVU1rC6j2wv6PSznqBTZOgSuj6H?imageMogr2/quality/100/sharpen/1/thumbnail/290x/crop/!290x180,雅阁10代——体验设计驾驶指导方案,UI-APP,3180,42,17,https://www.zhisheji.com/uc_server/data/avatar/000/42/96/22_avatar_small.jpg,卉大大
https://img.zhisheji.com/FsZDSEMiRjYRl8__MjkRskK2J0d6?imageMogr2/thumbnail/600x/crop/!590x369a6a9,新罐头创意视觉『 安踏&迪士尼｜花木兰联名系列 』,摄影-产品,5387,89,26,https://www.zhisheji.com/uc_server/data/avatar/000/42/37/10_avatar_small.jpg,新罐头工厂
https://img.zhisheji.com/FviKcwDsQE0Rqu27Z3J8aGhFJH3p?imageMogr2/quality/100/sharpen/1/thumbnail/290x/crop/!290x180,贝克赫迪《页面海报分享》,首页/专题-家装建材,5911,153,34,https://www.zhisheji.com/uc_server/data/avatar/000/15/42/16_avatar_small.jpg,_凯旋的凯
https://img.zhisheji.com/FrC3seepaz73oSC7K3r4eFp7MPdG?imageMogr2/thumbnail/600x/crop/!600x375a0a10,#小丑 #????????????????????,摄影-人像,2787,57,20,https://www.zhisheji.com/uc_server/data/avatar/000/46/16/28_avatar_small.jpg,菲林艾吉FILMAG
https://img.zhisheji.com/Fv8-0v4LeL3MZjDoXvNJMEetFXVY?imageMogr2/thumbnail/600x/crop/!600x375a0a71,19年做的一系列面食包装插画,插画,5055,116,44,https://www.zhisheji.com/uc_server/data/avatar/000/47/42/39_avatar_small.jpg,浪成仙包装设计
https://img.zhisheji.com/FrCLCvRA14cGLtkYZOqEWwImi4ij?imageMogr2/quality/100/sharpen/1/thumbnail/290x/crop/!290x180,宅在家里的好空气 | 艾美特 X foodography,摄影-产品,5222,78,19,https://www.zhisheji.com/uc_server/data/avatar/000/35/42/06_avatar_small.jpg,FOODOGRAPH
https://img.zhisheji.com/FkShnsVkxhHgR9rb1vGFZUEoqXEF?imageMogr2/thumbnail/600x/crop/!600x375a0a294,新罐头创意视觉『 天猫｜年货节 』,摄影-产品,4293,52,14,https://www.zhisheji.com/uc_server/data/avatar/000/42/37/10_avatar_small.jpg,新罐头工厂
https://img.zhisheji.com/FkQlHsOCs8AbspCo5gL-PsCD0jxp?imageMogr2/thumbnail/600x/crop/!539x337a49a0,便携你的清凉 GUZI X foodography,摄影-其它,2615,52,15,https://www.zhisheji.com/uc_server/data/avatar/000/35/42/06_avatar_small.jpg,FOODOGRAPH
https://img.zhisheji.com/FlcvUQU_EERGwwVVxTa55saUrxti?imageMogr2/quality/100/sharpen/1/thumbnail/290x/crop/!290x180,2019 - 2020 海报集,网页-banner/广告图,5617,113,19,https://www.zhisheji.com/uc_server/data/avatar/000/03/31/20_avatar_small.jpg,魏佺
https://img.zhisheji.com/20200403173435mJ1EW.jpg?imageMogr2/quality/100/sharpen/1/thumbnail/290x/crop/!290x180,建立-空间的层次思维,文章/经验,4428,47,13,https://www.zhisheji.com/uc_server/data/avatar/000/46/68/97_avatar_small.jpg,@设猎派
https://img.zhisheji.com/Fvvdion1Yt9byfyMZBTrQWvCsNJe?imageMogr2/thumbnail/600x/crop/!576x360a14a0,2020年1~3月插画总结,插画,4260,95,51,https://www.zhisheji.com/uc_server/data/avatar/000/40/64/26_avatar_small.jpg,风绽
https://img.zhisheji.com/FrBpk_h9TCg_r5A1AZpZTdgcGSml?imageMogr2/thumbnail/600x/crop/!600x375a0a0,新罐头创意视觉『 ikbc机械键盘』·颜控男女,摄影-产品,5774,84,45,https://www.zhisheji.com/uc_server/data/avatar/000/42/37/10_avatar_small.jpg,新罐头工厂
https://img.zhisheji.com/FvT5bf53AkA62Ozu1aQIlWSRj0p7?imageMogr2/quality/100/sharpen/1/thumbnail/290x/crop/!290x180,VANS官网,网页-企业官网,3623,46,17,https://www.zhisheji.com/uc_server/data/avatar/000/45/00/84_avatar_small.jpg,Bravo_PIDA
https://img.zhisheji.com/FnYJqy7LJP3Tj91CdMxHtA33mZec?imageMogr2/quality/100/sharpen/1/thumbnail/290x/crop/!290x180,字魂字库--俊逸手书--世俊书写2020,平面-字体设计,2145,11,2,https://www.zhisheji.com/uc_server/data/avatar/000/25/67/08_avatar_small.jpg,王世俊WSJ
https://img.zhisheji.com/FqqgeH6KejdMP71p9CoxRLTYemDw?imageMogr2/thumbnail/600x/crop/!582x364a0a0,電影《破戰》劇照 x 花絮,摄影-人像,4200,51,22,https://www.zhisheji.com/uc_server/data/avatar/000/46/16/28_avatar_small.jpg,菲林艾吉FILMAG
https://img.zhisheji.com/Fqzp6he7t05RgBIRIu3SlMARRWid?imageMogr2/quality/100/sharpen/1/thumbnail/290x/crop/!290x180,MR.BOX IP形象设计 / 包克斯的探索日记,平面-吉祥物,4095,75,34,https://www.zhisheji.com/uc_server/data/avatar/000/52/68/26_avatar_small.jpg,林_Linplust
https://img.zhisheji.com/Fsu8pQse6-ZEcyL9UG9PTacSA0b4?imageMogr2/quality/100/sharpen/1/thumbnail/290x/crop/!290x180,标志&字体精选,平面-LOGO,2493,38,12,https://www.zhisheji.com/uc_server/data/avatar/000/50/61/12_avatar_small.jpg,TonyCube
https://img.zhisheji.com/FkQoQErwNqLK-cg6DSKL8-ADyOgJ?imageMogr2/thumbnail/600x/crop/!600x375a0a47,创意视觉『 素士 | 梵高系列 』? 新罐头,摄影-产品,6672,133,39,https://www.zhisheji.com/uc_server/data/avatar/000/42/37/10_avatar_small.jpg,新罐头工厂
https://img.zhisheji.com/FgjtbQl0yFw5R6wc8hZXHi9Zq5Jn?imageMogr2/quality/100/sharpen/1/thumbnail/290x/crop/!290x180,手写美术字体,平面-字体设计,2028,36,18,https://www.zhisheji.com/uc_server/data/avatar/000/21/24/59_avatar_small.jpg,依然浚
https://img.zhisheji.com/FmsFIiMz8mZsBP0YqGZsONUg5I8P?imageMogr2/thumbnail/600x/crop/!600x375a0a124,【海信国际】电视项目作品分享,平面-海报,5970,167,34,https://www.zhisheji.com/uc_server/data/avatar/000/02/53/55_avatar_small.jpg,杰克sean
https://img.zhisheji.com/Fn2hb40FLmXuIe-jxisxfD0DNALg?imageMogr2/quality/100/sharpen/1/thumbnail/290x/crop/!290x180,SA9527-网络连接异常 & 缺省页插图~,UI-主题/皮肤,2700,45,14,https://www.zhisheji.com/uc_server/data/avatar/000/02/96/08_avatar_small.jpg,SA九五二七
https://img.zhisheji.com/Fj_hCdPTPVlfp74IuY1URjctF18E?imageMogr2/quality/100/sharpen/1/thumbnail/290x/crop/!290x180,插画「Illustration style exercise,插画,2806,47,19,https://www.zhisheji.com/uc_server/data/avatar/000/53/04/01_avatar_small.jpg,lee「海」
https://img.zhisheji.com/FsISZOr-OcJNUPjf7VpCXgEML-e6?imageMogr2/quality/100/sharpen/1/thumbnail/290x/crop/!290x180,运营设计解决方案探索 | JINAN PXFANER,插画,3792,59,22,https://www.zhisheji.com/uc_server/data/avatar/000/24/46/27_avatar_small.jpg,孔雅轩LineVis
https://img.zhisheji.com/FsuGVKkKAtDDGvDfQHKbGf7h9s3u?imageMogr2/quality/100/sharpen/1/thumbnail/290x/crop/!290x180,特色面包装设计,插画,4915,69,36,https://www.zhisheji.com/uc_server/data/avatar/000/13/30/76_avatar_small.jpg,简小简
