标题,主题作者,内容,内容图片地址,时间
有对ps感兴趣的小伙伴嘛，我有个学习群永久免费看直播，每天三,主题作者: 吃布丁的胖丁💋,有对ps感兴趣的小伙伴嘛，我有个学习群永久免费看直播，每天三节视频公开课，还会发一些视频教程，有基础了会发些关于专业的小兼职，没事的时候可以来看看，有兴趣的私我哟,"http://tiebapic.baidu.com/forum/w%3D580%3B/sign=1ff73b600830e924cfa49c397c336c06/730e0cf3d7ca7bcb12b9e147a9096b63f724a893.jpg,http://tiebapic.baidu.com/forum/w%3D580%3B/sign=b6e0ad517c63f6241c5d390bb77fe9f8/96dda144ad345982f648c3fa1bf431adcaef8493.jpg,http://tiebapic.baidu.com/forum/w%3D580%3B/sign=fc22b21cba345982c58ae59a3ccf33ad/b58f8c5494eef01f51d63eadf7fe9925bd317d93.jpg",4-19
孤独的星,主题作者: 贴吧用户_6S5D1ZD1V,孤独的星,http://tiebapic.baidu.com/forum/w%3D580%3B/sign=cb51114f9d82b9013dadc33b43b6a877/562c11dfa9ec8a13678a6d88e003918fa1ecc0c1.jpg,4-19
到呼伦贝尔旅行，看美丽风景，实用的6天5晚行程推荐给你,无,旅行是一件很神奇的事情，它从你决定要去的那一刻就已经开始了。总有什么机缘巧合决定了你要去这个地方――一个全然陌生又向往的地方。也许是一张美丽的照片、一本念念不忘的书稿、一段薄薄的游记、一部符合你想象的电影，或者，只是机票很便宜而已，理由很简单，又或者只是因为“想去”而已。从图片上看，草原比想象中更美。很多女生有两个梦想，一是看海，二是看草原，从周围的朋友了解到，说到而做不到的女生更多。与呼伦贝尔,"http://tiebapic.baidu.com/forum/w%3D580%3B/sign=9c983ba226adcbef01347e0e9c942fdd/2cf5e0fe9925bc31105a03fe49df8db1cb137054.jpg,http://tiebapic.baidu.com/forum/w%3D580%3B/sign=56d30e57363fb80e0cd161df06ea2e2e/dc54564e9258d109e4e4abd4c658ccbf6c814d54.jpg,http://tiebapic.baidu.com/forum/w%3D580%3B/sign=7ab92174af99a9013b355b3e2dae0b7b/d6ca7bcb0a46f21fdb80a333e1246b600c33ae1e.jpg",4-19
所谓伊人,主题作者: 自己的期待呢✨,所谓伊人,http://tiebapic.baidu.com/forum/w%3D580%3B/sign=68d50deb182442a7ae0efdade178ac4b/8718367adab44aedd8f7898ca41c8701a18bfb19.jpg,4-19
景观尽在百度贴吧风景吧,主题作者: 越秀景观,一亿环二亿棺三亿球拍,"http://tiebapic.baidu.com/forum/w%3D580%3B/sign=0bb77f802cc79f3d8fe1e4388a9acc11/9f510fb30f2442a71bb9c7dac643ad4bd113021d.jpg,http://tiebapic.baidu.com/forum/w%3D580%3B/sign=a698c67267cf3bc7e800cde4e13bbba1/7a899e510fb30f248336d67cdf95d143ad4b0324.jpg,http://tiebapic.baidu.com/forum/w%3D580%3B/sign=a683c67267cf3bc7e800cde4e13bbba1/7a899e510fb30f24832dd67cdf95d143ad4b031d.jpg",4-19
让你大开眼界的照片尽在百度贴吧风景吧,主题作者: 越秀景观,太漂亮了值得珍藏,"http://tiebapic.baidu.com/forum/w%3D580%3B/sign=517352a39d13632715edc23ba1b4a1ec/d62a6059252dd42a6898cfd4143b5bb5c9eab838.jpg,http://tiebapic.baidu.com/forum/w%3D580%3B/sign=7aa495490a950a7b75354ecc3aea63d9/bf096b63f6246b603a9f7c0bfcf81a4c510fa238.jpg,http://tiebapic.baidu.com/forum/w%3D580%3B/sign=5f75099c402c11dfded1bf2b531c63d0/1b4c510fd9f9d72a5df5de62c32a2834349bbb38.jpg",4-19
超越风景区的风景,主题作者: 越秀景观,,,无
古建筑亭台榭楼阁舫廊轩,主题作者: 越秀景观,竹建筑景观师分享给你保存,"http://tiebapic.baidu.com/forum/w%3D580%3B/sign=04dc95c1b3c27d1ea5263bcc2beeac6e/79f0f736afc37931dab6a14cfcc4b74542a911fc.jpg,http://tiebapic.baidu.com/forum/w%3D580%3B/sign=49a651fc9526cffc692abfba893a4b90/0bd162d9f2d3572cef3cbbb99d13632763d0c3fd.jpg,http://tiebapic.baidu.com/forum/w%3D580%3B/sign=e238a4a84566d0167e199e20a710d507/1f178a82b9014a902de061d8be773912b21beefd.jpg",4-19
乡村旅游好风景一座悬岸飞桥大景观,主题作者: 越秀景观,竹建筑景观师黄工提供欣赏,"http://tiebapic.baidu.com/forum/w%3D580%3B/sign=ea707341742762d0803ea4b790d709fa/6159252dd42a28347707fa694cb5c9ea15cebf2b.jpg,http://tiebapic.baidu.com/forum/w%3D580%3B/sign=ce8f9a7575d0f703e6b295d438c1503d/242dd42a2834349b47a7a2e7deea15ce36d3be2b.jpg,http://tiebapic.baidu.com/forum/w%3D580%3B/sign=b09f68ddb7ec08fa260013af69d53c6d/359b033b5bb5c9ea5252cf81c239b6003af3b32b.jpg",4-19
人间四月天风景享不尽,主题作者: 越秀景观,,,无
我发表了一篇图片贴，大伙来看看吧～,主题作者: 贴吧用户_QCMG59G,,"http://tiebapic.baidu.com/forum/w%3D580%3B/sign=29f79687e003918fd7d13dc261062797/d52a2834349b033b11653dbd02ce36d3d439bdec.jpg,http://tiebapic.baidu.com/forum/w%3D580%3B/sign=15c69975584a20a4311e3ccfa0699922/e850352ac65c103805930fa5a5119313b17e89ec.jpg,http://tiebapic.baidu.com/forum/w%3D580%3B/sign=1a1bfe11e51fbe091c5ec31c5b5b0d33/0dd7912397dda144cce4add5a5b7d0a20df486ec.jpg",4-19
我发表了一篇图片贴，大伙来看看吧～,主题作者: 贴吧用户_QCMG59G,,"http://tiebapic.baidu.com/forum/w%3D580%3B/sign=0c393a4c8a16fdfad86cc6e684b48d54/fc1f4134970a304e8ec9619dc6c8a786c8175cea.jpg,http://tiebapic.baidu.com/forum/w%3D580%3B/sign=e6b6c0ff49df8db1bc2e7c6c3918dc54/f9dcd100baa1cd11c85db347ae12c8fcc2ce2dea.jpg",4-19
我发表了一篇图片贴，大伙来看看吧～,主题作者: 贴吧用户_QCMG59G,,"http://tiebapic.baidu.com/forum/w%3D580%3B/sign=99840c4e9118367aad897fd51e488ad4/503d269759ee3d6d7c2e46ac54166d224e4adee9.jpg,http://tiebapic.baidu.com/forum/w%3D580%3B/sign=925e7381307f9e2f70351d002f0be824/472309f79052982241dbf8a4c0ca7bcb0b46d4e9.jpg",4-19
我发表了一篇图片贴，大伙来看看吧～,主题作者: 贴吧用户_QCMG59G,,"http://tiebapic.baidu.com/forum/w%3D580%3B/sign=bbd065d8b7ec08fa260013af69d53c6d/359b033b5bb5c9ea591dc284c239b6003bf3b3ef.jpg,http://tiebapic.baidu.com/forum/w%3D580%3B/sign=012846ac54166d223877159c761808f7/3bf33a87e950352a928fe46f4443fbf2b3118bef.jpg,http://tiebapic.baidu.com/forum/w%3D580%3B/sign=cc816c75650e0cf3a0f74ef33a7df31f/b3119313b07eca8039ebf880862397dda04483ef.jpg",4-19
有没有想去旅游的朋友，一起组个队啊,无,有没有想去旅游的朋友，一起组个队啊,,4-18
我发表了一篇图片贴，大伙来看看吧~,主题作者: 请你吃柚子😈,,"http://tiebapic.baidu.com/forum/w%3D580%3B/sign=43bfb9b92a6d55fbc5c6762e5d194e4a/37d3d539b6003af35faf0907222ac65c1038b644.jpg,http://tiebapic.baidu.com/forum/w%3D580%3B/sign=8b13bbe2deea15ce41eee001863b3bf3/3801213fb80e7becdccfd686382eb9389b506b44.jpg,http://tiebapic.baidu.com/forum/w%3D580%3B/sign=a8dcd1fadcef76093c0b99971ee6a2cc/e1fe9925bc315c609080be889ab1cb1349547744.jpg",4-18
图恩湖畔的小镇施皮茨，背靠葡萄园，面向雪山、湖畔，中世纪古堡,无,图恩湖畔的小镇施皮茨，背靠葡萄园，面向雪山、湖畔，中世纪古堡隐藏其中，一个有诗有酒有远方的地方。,"http://tiebapic.baidu.com/forum/w%3D580%3B/sign=a0fc1b0b073853438ccf8729a328b17e/d4628535e5dde7110539ab91b0efce1b9c1661ea.jpg,http://tiebapic.baidu.com/forum/w%3D580%3B/sign=8bd7fc68af0e7bec23da03e91f15b838/574e9258d109b3de2e540c0fdbbf6c81810a4cea.jpg,http://tiebapic.baidu.com/forum/w%3D580%3B/sign=0adf6e898b82d158bb8259b9b03118d8/fd039245d688d43f5c4279956a1ed21b0ff43bea.jpg",4-18
在香格里拉的大山深处，有一座隐世了数百年的古老村落——巴拉格,无,在香格里拉的大山深处，有一座隐世了数百年的古老村落——巴拉格宗。这里群山环绕，这里雪峰巍峨，这里有云南第二高峰巴拉格宗神山，这里有深邃惊艳的香格里拉大峡谷。从雪山到峡谷，一日之内，2000余米的海拔高差，可以经由四季，可以纵拦山河！,"http://tiebapic.baidu.com/forum/w%3D580%3B/sign=37311e99d4fdfc03e578e3b0e4048694/5bafa40f4bfbfbed54a9de186ff0f736aec31fe1.jpg,http://tiebapic.baidu.com/forum/w%3D580%3B/sign=12ea9ff0ce33c895a67e9873e12872f0/dbb44aed2e738bd4aed25a56b68b87d6267ff9e2.jpg",4-18
走进维西傈僳族自治县，便被路边的风景惊艳了。这里的山林里有珍,无,走进维西傈僳族自治县，便被路边的风景惊艳了。这里的山林里有珍稀的滇金丝猴，有风景奇幻的达摩洞，金沙江流过的土地上，更有金沙江第一门的峻险！,"http://tiebapic.baidu.com/forum/w%3D580%3B/sign=35aa1857b68b87d65042ab1737332938/4e4a20a4462309f716e40774650e0cf3d6cad6c9.jpg,http://tiebapic.baidu.com/forum/w%3D580%3B/sign=21e40774650e0cf3a0f74ef33a7df31f/b3119313b07eca80d48e9381862397dda04483c9.jpg,http://tiebapic.baidu.com/forum/w%3D580%3B/sign=79b6a5a52d87e9504217f36420035243/2e2eb9389b504fc21ad41a63f2dde71191ef6dc9.jpg",4-18
谁能找到我图上的猴子？,主题作者: 云淡霜天晴,,http://tiebapic.baidu.com/forum/w%3D580%3B/sign=ff895e56b68b87d65042ab1737332938/4e4a20a4462309f7dcc74175650e0cf3d7cad629.jpg,4-18
风景如画呀,主题作者: 南宫蝶梦shine,出不去的时候，在家画一些画，幻想自己出去了。不知道大家有没有这样的想法。小乔流水人家，古道西风瘦马。夕阳西下，断肠人在天涯。啊,http://tiebapic.baidu.com/forum/w%3D580%3B/sign=9c9594ba1ffa513d51aa6cd60d5654fb/023b5bb5c9ea15ce3bc9e16fa1003af33a87b2b4.jpg,4-18
五一小长假想好去哪里玩了吗,主题作者: 落花时◆春风归,五一小长假打算去哪里玩了吗，拍下旅途的精彩瞬间~~~做成精彩的锦集，留下美好的回忆~~~不会处理那些美丽的照片？我来教你，PS基础的教程，教会你处理那些精彩的瞬间，需要的留邮，免费发你基础PS教程,,4-18
我在乎看得见摸得着的东西,主题作者: 玄衣郎º,我在乎那些看得见摸得着的东西，因为，生活不只有远方的虚幻和苟且，还有近处的诗、眼下的速爱和周遭的闪美。,https://imgsa.baidu.com/forum/w%3D580%3B/sign=f82b6b3d1f3853438ccf8729a328b17e/d4628535e5dde7115deedba7a8efce1b9d1661a7.jpg,4-18
学好设计让下雨天变得更美喜欢的滴滴我，无偿带小白有真心想学P,主题作者: 不二猪ლ,学好设计让下雨天变得更美喜欢的滴滴我，无偿带小白有真心想学PS，短视频剪辑，AE，无偿教了哈，想学的举起你的小手手,"http://tiebapic.baidu.com/forum/w%3D580%3B/sign=c309f556363fb80e0cd161df06ea2e2e/dc54564e9258d109713e50d5c658ccbf6d814dfc.jpg,http://tiebapic.baidu.com/forum/w%3D580%3B/sign=3c5fa0d6970a19d8cb03840d03c1838b/8694a4c27d1ed21bfe14d782ba6eddc450da3ffc.jpg",4-18
人间风景胜仙境,主题作者: 越秀景观,,,无
高手在民间,主题作者: 越秀景观,,,无
竹海影视功夫片轻功是这样练成的,主题作者: 越秀景观,,,无
花花世界 迷人眼 🌼🌸🌺🥀🌹🌷💐,主题作者: 小钟钟Zhong,花花世界迷人眼🌼🌸🌺🥀🌹🌷💐,"http://tiebapic.baidu.com/forum/w%3D580%3B/sign=62e74474584a20a4311e3ccfa0699922/e850352ac65c103872b2d2a4a5119313b17e8983.jpg,http://tiebapic.baidu.com/forum/w%3D580%3B/sign=f6e19044dffcc3ceb4c0c93ba27ed788/72f082025aafa40ffa0ad2bbbc64034f79f01983.jpg,http://tiebapic.baidu.com/forum/w%3D580%3B/sign=62e44474584a20a4311e3ccfa0699922/e850352ac65c103872b1d2a4a5119313b17e898c.jpg",4-17
我但凡能再高点……,主题作者: 自己的期待呢✨,我但凡能再高点……,http://tiebapic.baidu.com/forum/w%3D580%3B/sign=e7c44e6ea1003af34dbadc680511c75c/55e736d12f2eb9384a47d495c2628535e5dd6fab.jpg,4-17
美丽的红枫,无,美丽的红枫,"http://tiebapic.baidu.com/forum/w%3D580%3B/sign=ce54ecf9b30f4bfb8cd09e5c337479f0/267f9e2f0708283853665f72af99a9014c08f169.jpg,http://tiebapic.baidu.com/forum/w%3D580%3B/sign=df6b90c14eee3d6d22c687c3732d6c22/14ce36d3d539b600b4a58cd1fe50352ac65cb769.jpg,http://tiebapic.baidu.com/forum/w%3D580%3B/sign=68121b624e82b2b7a79f39cc0196caef/8d5494eef01f3a29e4a356a88e25bc315c607c69.jpg",4-17
每日练习，记录美好风景哦,主题作者: 彩色的铅笔♤,每日练习，记录美好风景哦,"http://tiebapic.baidu.com/forum/w%3D580%3B/sign=70ac408af01190ef01fb92d7fe209c16/b03533fa828ba61e5d4a58485634970a304e5935.jpg,http://tiebapic.baidu.com/forum/w%3D580%3B/sign=fa1b1c565d90f60304b09c4f0929b21b/a8ec8a13632762d0879a34d8b7ec08fa513dc635.jpg,http://tiebapic.baidu.com/forum/w%3D580%3B/sign=85e1a75f6cf40ad115e4c7eb671710df/6a600c338744ebf895d6f458cef9d72a6059a736.jpg",4-17
安化云台山风景区万里茶道”与“一带一路”大型浮雕,主题作者: 机灵的阿王,万里茶道是继丝绸之路衰落之后在欧亚大陆兴起的又一条重要的国际商道。万里茶道从中国福建崇安起，途经江西、湖南、湖北、河南、山西、河北、内蒙古、从伊林进入现蒙古国境内、沿阿尔泰军台，穿越沙漠戈壁，经库伦到达中俄边境的通商口岸恰克图。全程约4760公里，其中水路1480公里，陆路3280公里。茶道在俄罗斯境内继续延伸，从恰克图经伊尔库茨克、新西伯利亚、秋明、莫斯科、彼得堡等十几个城市，又传入中亚和欧洲其他国家，使茶叶,"http://tiebapic.baidu.com/forum/w%3D580%3B/sign=970a0849bfd3fd1f3609a2320075241f/dcc451da81cb39dba37cfc31c7160924ab18301c.jpg,http://tiebapic.baidu.com/forum/w%3D580%3B/sign=5908e947ae12c8fcb4f3f6c5cc389345/d01373f082025aaf8f8ce5acecedab64034f1a1e.jpg,http://tiebapic.baidu.com/forum/w%3D580%3B/sign=09953eb861c6a7efb926a82ecdc1ae51/838ba61ea8d3fd1fafb0395d274e251f95ca5f18.jpg",4-17
风景很好随手拍一下,主题作者: 後莱💋,风景很好随手拍一下,"https://imgsa.baidu.com/forum/w%3D580%3B/sign=5d85f2bd3eadcbef01347e0e9c942fdd/2cf5e0fe9925bc31d147cae151df8db1cb1370b5.jpg,https://imgsa.baidu.com/forum/w%3D580%3B/sign=f473f76ad254564ee565e43183e59d82/4610b912c8fcc3ce7eda024a9d45d688d43f20b5.jpg,https://imgsa.baidu.com/forum/w%3D580%3B/sign=312744e8c211728b302d8c2af8c7c2ce/c995d143ad4bd11393d77c4b55afa40f4bfb05b5.jpg",4-17
安化云台山风景区野生动物园,主题作者: 云台山的小粉丝,安化云台山风景区野生动物园龙腾湾野生动物园有非常多的动物群雕，是充满着灵性与艺术的幻想神作。,"http://tiebapic.baidu.com/forum/w%3D580%3B/sign=ac8db767fe24b899de3c79305e3d1c95/0df3d7ca7bcb0a4676aa165e7c63f6246a60afc9.jpg,http://tiebapic.baidu.com/forum/w%3D580%3B/sign=a6ca367810082838680ddc1c88a2a801/91529822720e0cf3567fd39c1d46f21fbf09aac9.jpg,http://tiebapic.baidu.com/forum/w%3D580%3B/sign=f541a28675d9f2d3201124e799d78b13/8644ebf81a4c510f574c7f7d7759252dd52aa5c9.jpg",4-17
安化云台山风景区的云上茶园,主题作者: 机灵的阿王,安化云台山风景区的云上茶园,"http://tiebapic.baidu.com/forum/w%3D580%3B/sign=3047c7596cec54e741ec1a1689039a50/9358d109b3de9c82c020b3e87b81800a19d8430b.jpg,http://tiebapic.baidu.com/forum/w%3D580%3B/sign=fa69efb861c6a7efb926a82ecdc1ae51/838ba61ea8d3fd1f5c4ce85d274e251f95ca5f0b.jpg,http://tiebapic.baidu.com/forum/w%3D580%3B/sign=325d5763239b033b2c88fcd225f537d3/7dd98d1001e93901c748c7596cec54e736d1960b.jpg",4-17
求一地名,主题作者: 骑猪上高1速,谁知道这里是哪,https://imgsa.baidu.com/forum/w%3D580%3B/sign=6ae437b0af345982c58ae59a3ccf30ad/b58f8c5494eef01fc710bb01e2fe9925bd317dea.jpg,4-17
千年江南水乡周庄古镇姚青春业余爱好拍摄,主题作者: yaoqingchun,,"http://tiebapic.baidu.com/forum/w%3D580%3B/sign=d4a6cae2deea15ce41eee001863b3bf3/3801213fb80e7bec837aa786382eb9389b506b31.jpg,http://tiebapic.baidu.com/forum/w%3D580%3B/sign=223f9da326adcbef01347e0e9c942fdd/2cf5e0fe9925bc31aefda5ff49df8db1cb137031.jpg,http://tiebapic.baidu.com/forum/w%3D580%3B/sign=8094da61bbaf2eddd4f149e1bd2b00e9/5d6034a85edf8db13d8ed8031e23dd54564e7431.jpg",4-16
看着挺舒服 就拍下来了,主题作者: 黏黏糕♀,看着挺舒服就拍下来了,"http://tiebapic.baidu.com/forum/w%3D580%3B/sign=1bd93d565d90f60304b09c4f0929b21b/a8ec8a13632762d0665815d8b7ec08fa513dc677.jpg,http://tiebapic.baidu.com/forum/w%3D580%3B/sign=3e93bf90883df8dca63d8f99fd2a738b/0eb30f2442a7d93386c95514ba4bd11373f00177.jpg,http://tiebapic.baidu.com/forum/w%3D580%3B/sign=2cd324bb1ffa513d51aa6cd60d5654fb/023b5bb5c9ea15ce8b8f516ea1003af33a87b270.jpg",4-16
冬青开红花？罕见奇景原是碧桃作怪！,主题作者: 德报声音,冬青开花堪称奇，原是落红缀绿叶。走过一丛冬青，发现竟开满红花，很是诧异。冬青一年四季碧绿着，无论如何也不会开这么鲜艳的红花。细看原来是上边的红叶碧桃的花瓣落在冬青上，点缀在绿叶间。前几日，红叶碧桃繁盛得层层叠叠，红艳得如火似霞，近几日虽然开始凋零，不料却营造出另一种美，大自然真是奇妙！,"http://tiebapic.baidu.com/forum/w%3D580%3B/sign=e75749e87b81800a6ee58906810e32fa/d53f8794a4c27d1ee4148ba30cd5ad6eddc438a2.jpg,http://tiebapic.baidu.com/forum/w%3D580%3B/sign=872a346224fa828bd1239debcd244034/0ff41bd5ad6eddc46ace049c2edbb6fd526633af.jpg,http://tiebapic.baidu.com/forum/w%3D580%3B/sign=e7942c202e12b31bc76ccd21b623377a/f603918fa0ec08fac524a3c04eee3d6d55fbdab5.jpg",4-16
安化云台山风景区是一段走心旅程，一次心灵拾荒,主题作者: 云台山的小粉丝,有人说旅行在乎的不是风花雪月，而是寻找志同道合的人，更准确的来说是寻找，心灵上的重生与刺激。当你看到壮阔的云台山，白云和它的影子一起，随着时光而流转的时候，你会发现在生活中变得麻木的心，瞬间变得更加的灵动。当你经过不停的攀爬，体验过身心俱惫，不断挑战自己的运动潜能的过程后，站在云台山观景台上的那一刻，你会体验到一种征服的快感，旅行除了欣赏更重要的是挑战，挑战自己从未经历过的事情，尝试去悬崖边上体,"http://tiebapic.baidu.com/forum/w%3D580%3B/sign=973b460dfcf81a4c2632ecc1e7116159/d1a20cf431adcbefed018a7fbbaf2edda3cc9f96.jpg,http://tiebapic.baidu.com/forum/w%3D580%3B/sign=7db2d64f802bd40742c7d3f54bb29f51/f703738da9773912c78dcd06ef198618367ae22a.jpg,http://tiebapic.baidu.com/forum/w%3D580%3B/sign=67c847fe49df8db1bc2e7c6c3918dc54/f9dcd100baa1cd1149233446ae12c8fcc3ce2d3a.jpg",4-16
樱花季,无,樱花季,"http://tiebapic.baidu.com/forum/w%3D580%3B/sign=b158ae689094a4c20a23e7233ecf1ad5/024f78f0f736afc31ee17002a419ebc4b64512e3.jpg,http://tiebapic.baidu.com/forum/w%3D580%3B/sign=11cbca06ef1986184147ef8c7ad62f73/09fa513d269759ee9fbd2faca5fb43166c22dfec.jpg,http://tiebapic.baidu.com/forum/w%3D580%3B/sign=16f411371b3387449cc52f746134d8f9/5882b2b7d0a20cf4d17db1b861094b36adaf99ec.jpg",4-16
好不容易出一趟门,主题作者: 王子🌙🌟,好不容易出一趟门,"http://tiebapic.baidu.com/forum/w%3D580%3B/sign=0fcf601b460fd9f9a01755611516d52a/30adcbef76094b364898548ab4cc7cd98d109d4b.jpg,http://tiebapic.baidu.com/forum/w%3D580%3B/sign=cefa0749c51b0ef46ce89856edff50da/aec379310a55b31981fccd1254a98226cffc174b.jpg,http://tiebapic.baidu.com/forum/w%3D580%3B/sign=466ae275650e0cf3a0f74ef33a7df31f/b3119313b07eca80b3007680862397dda1448354.jpg",4-16
疫情期间，大家都开始出发复工了吗？,主题作者: 吃椰子的猴儿f8,疫情期间，大家都开始出发复工了吗？,"http://tiebapic.baidu.com/forum/w%3D580%3B/sign=de4cc3d89b5494ee87220f111dcee1fe/94cad1c8a786c91752ac105ede3d70cf3bc7572d.jpg,http://tiebapic.baidu.com/forum/w%3D580%3B/sign=73b6dc4f802bd40742c7d3f54bb29f51/f703738da9773912c989c706ef198618367ae22e.jpg,http://tiebapic.baidu.com/forum/w%3D580%3B/sign=2646c44b9001a18bf0eb1247ae140608/6c224f4a20a44623a465e7058f22720e0cf3d72e.jpg",4-16
群山之中的云海格外骚包！****,主题作者: 关于苔藓,,,无
差点错过的春天,主题作者: 自己的期待呢✨,差点错过的春天,"http://tiebapic.baidu.com/forum/w%3D580%3B/sign=01f9f589beec8a13141a57e8c738908f/d8f9d72a6059252d82ffcc62239b033b5ab5b9e8.jpg,http://tiebapic.baidu.com/forum/w%3D580%3B/sign=0bed7f0658c2d562f208d0e5d72a91ef/6d81800a19d8bc3e03e0d7ac958ba61ea9d345e8.jpg,http://tiebapic.baidu.com/forum/w%3D580%3B/sign=5d5e4248bfd3fd1f3609a2320075241f/dcc451da81cb39db6928b630c7160924aa1830e8.jpg",4-16
风景【16-01-10丶 摄影】廣州塔～最美小蠻腰,主题作者: 7up214,這是我喜歡的城市！生活的城市～廣州,"https://imgsa.baidu.com/forum/w%3D580%3B/sign=f2c38ff1d600baa1ba2c47b3772bb812/43a7d933c895d143c0b5a63e74f082025baf07ef.jpg,https://imgsa.baidu.com/forum/w%3D580%3B/sign=a7c58ad7a851f3dec3b2b96ca4d5f11f/960a304e251f95caeb1bd0abce177f3e660952c4.jpg,https://imgsa.baidu.com/forum/w%3D580%3B/sign=e97af50bc8fc1e17fdbf8c397aabf703/63d9f2d3572c11df033ffd3e642762d0f603c2c5.jpg",4-16
发两张 看看,主题作者: xzYIYOU,,"http://tiebapic.baidu.com/forum/w%3D580%3B/sign=d688a4abd4cec3fd8b3ea77de6b3d53f/83025aafa40f4bfb9477c733144f78f0f7361835.jpg,http://tiebapic.baidu.com/forum/w%3D580%3B/sign=aca71c982cc79f3d8fe1e4388a9acc11/9f510fb30f2442a7bca9a4c2c643ad4bd1130235.jpg",4-16
1、免费注册、分享打卡就赚钱，最高可返两万元。2、建群就配卖,主题作者: 京东东小店联盟,1、免费注册、分享打卡就赚钱，最高可返两万元。2、建群就配卖货机器人，机器人卖货你赚钱3、京东大品牌，不愁没销量，不愁不长久4、京东快递365天不休息。给别人送钱的项目，很好推，多推人多建群，建立管道收入,http://tiebapic.baidu.com/forum/w%3D580%3B/sign=c715088ee5d3572c66e29cd4ba286227/eaf81a4c510fd9f91aee0a0e322dd42a2934a4d8.jpg,4-16
我想，无论是哪里的春景，都该是最美好的。我知，不管是哪里的春,主题作者: 静水月夜A,我想，无论是哪里的春景，都该是最美好的。我知，不管是哪里的春天，都会是一般无二的风采。,"http://tiebapic.baidu.com/forum/w%3D580%3B/sign=c54c97abd4cec3fd8b3ea77de6b3d53f/83025aafa40f4bfb87b3f433144f78f0f7361871.jpg,http://tiebapic.baidu.com/forum/w%3D580%3B/sign=b46379c04eee3d6d22c687c3732d6c22/14ce36d3d539b600dfad65d0fe50352ac65cb772.jpg,http://tiebapic.baidu.com/forum/w%3D580%3B/sign=03cbfb956a1ed21b79c92eed9d55dcc4/f636afc379310a553746b493a04543a982261072.jpg",4-15
抢单资金盘解析，韭菜必看一.所谓抢单资金盘就是打着与淘宝 京,主题作者: 红色恋人😍😍,抢单资金盘解析，韭菜必看一.所谓抢单资金盘就是打着与淘宝京东拼多多这样在网知名的网购平台合作的口号进行抢单实际上你们看到商品是不复存在的之所以有这个流程是因为迷惑大家进行每天的抢单操作二.资金盘集中大家所投入的资金到达一定金额就直接下架app就是大家口中的跑路你在里面的钱是体现不了的每当这个时候都有几家欢喜几家愁中途下车早的朋友当然就赚钱了如果下车慢的朋友本金和利润都去之东流了三.所以大家怎么样才能,http://tiebapic.baidu.com/forum/w%3D580%3B/sign=56967c198558d109c4e3a9bae163cdbf/c9fcc3cec3fdfc031987fcdfc33f8794a5c226dd.jpg,4-14
