图片地址,作品名字,作品类型,人气数,点赞数,评论数
https://img.zhisheji.com/202002050133331NIH3.jpg?imageMogr2/quality/100/sharpen/1/thumbnail/290x/crop/!290x180,26位插画师的一封信，画给身在湖北的你,26位插画师的一封信，画给身在湖北的你,4188,24,13
https://img.zhisheji.com/FoxItE_LgniI1waZ3AsmY-kL2gZZ?imageMogr2/quality/100/sharpen/1/thumbnail/290x/crop/!290x180,2019天猫双旦礼遇季品牌VI视觉规范与标识,2019天猫双旦礼遇季品牌VI视觉规范与标识,5015,24,6
https://img.zhisheji.com/FlpWcfSrkbGJIJfEQDAVShdwLGdh?imageMogr2/quality/100/sharpen/1/thumbnail/290x/crop/!290x180,2019双12品牌vi标识规范,2019双12品牌vi标识规范,6718,46,11
https://img.zhisheji.com/Fui3PsCcC4XQlxFeONhUZzMP3mDY?imageMogr2/quality/100/sharpen/1/thumbnail/290x/crop/!290x180,【打包下载】淘宝双十二承接页相关素材-商家侧-终版,【打包下载】淘宝双十二承接页相关素材-商家侧-终版,11063,102,20
https://img.zhisheji.com/20191024144504aLm5x.jpg?imageMogr2/quality/100/sharpen/1/thumbnail/290x/crop/!290x180,【六周年回顾】商业人像精修分享-黑白君,【六周年回顾】商业人像精修分享-黑白君,11731,120,16
https://img.zhisheji.com/20191025080609sgG4b.jpg?imageMogr2/quality/100/sharpen/1/thumbnail/290x/crop/!290x180,京东11.11的100张宣传海报，太惊艳了！,京东11.11的100张宣传海报，太惊艳了！,18723,126,49
https://img.zhisheji.com/20191021151740oK2yt.jpg?imageMogr2/quality/100/sharpen/1/thumbnail/290x/crop/!290x180,天猫：30张猫头海报和易烊千玺，助你愿望11实现！,天猫：30张猫头海报和易烊千玺，助你愿望11实现！,15003,116,34
https://img.zhisheji.com/20191011095711T7Yu7.jpg?imageMogr2/quality/100/sharpen/1/thumbnail/290x/crop/!290x180,六周年分享会最后一站杭州站圆满结束,六周年分享会最后一站杭州站圆满结束,6962,74,33
https://img.zhisheji.com/Fs2750qAmOkNbcNgLp8PjveWMLHX?imageMogr2/quality/100/sharpen/1/thumbnail/290x/crop/!290x180,2019.11.11天猫品牌VI标识文件,2019.11.11天猫品牌VI标识文件,16961,101,25
https://img.zhisheji.com/20191008141156AirK9.jpg?imageMogr2/quality/100/sharpen/1/thumbnail/290x/crop/!290x180,【六周年回顾】关于商业与艺术美学之间如何取舍-当下视觉-九木,【六周年回顾】关于商业与艺术美学之间如何取舍-当下视觉-九木,9120,51,13
https://img.zhisheji.com/20190925103712xfdpR.jpg?imageMogr2/quality/100/sharpen/1/thumbnail/290x/crop/!290x180,【六周年回顾】如何构造具有戏剧化的页面-何诗敏,【六周年回顾】如何构造具有戏剧化的页面-何诗敏,12661,147,16
https://img.zhisheji.com/20190924101940zVg1B.jpg?imageMogr2/quality/100/sharpen/1/thumbnail/290x/crop/!290x180,【六周年回顾】法丽莎团队分享,【六周年回顾】法丽莎团队分享,8904,82,16
https://img.zhisheji.com/20190923003334rjjgP.jpg?imageMogr2/quality/100/sharpen/1/thumbnail/290x/crop/!290x180,【六周年回顾】无战略，不视觉-周子辰,【六周年回顾】无战略，不视觉-周子辰,9524,56,16
https://img.zhisheji.com/20190920141328bZ4tW.jpg?imageMogr2/quality/100/sharpen/1/thumbnail/290x/crop/!290x180,【六周年回顾】做有温度的设计-波子是也,【六周年回顾】做有温度的设计-波子是也,10147,67,29
https://img.zhisheji.com/20190919163428rhdUu.jpg?imageMogr2/quality/100/sharpen/1/thumbnail/290x/crop/!290x180,【六周年回顾】做对的设计-后浪&amp;叮当,【六周年回顾】做对的设计-后浪&amp;叮当,10464,62,19
https://img.zhisheji.com/201909121526214vpL5.jpg?imageMogr2/quality/100/sharpen/1/thumbnail/290x/crop/!290x180,致设计六周年线下分享会广东最后一站，在佛山圆满落幕！,致设计六周年线下分享会广东最后一站，在佛山圆满落幕！,6896,26,15
https://img.zhisheji.com/20190909142135tqspa.jpg?imageMogr2/quality/100/sharpen/1/thumbnail/290x/crop/!290x180,中山设计大佬们都来致设计六周年线下分享会了,中山设计大佬们都来致设计六周年线下分享会了,8780,65,27
https://img.zhisheji.com/20190909135327tBvlX.jpg?imageMogr2/quality/100/sharpen/1/thumbnail/290x/crop/!290x180,9月1日致设计六周年广州线下分享会圆满落幕！,9月1日致设计六周年广州线下分享会圆满落幕！,7445,75,20
https://img.zhisheji.com/20190820025318zbD5I.jpg?imageMogr2/quality/100/sharpen/1/thumbnail/290x/crop/!290x180,致设计六周年深圳站分享会完美结束,致设计六周年深圳站分享会完美结束,9055,114,25
https://img.zhisheji.com/20181229102917Hkez3.jpg?imageMogr2/quality/100/sharpen/1/thumbnail/290x/crop/!290x180,2018年度首页/专题栏目最人气作品Top 15,2018年度首页/专题栏目最人气作品Top 15,19934,259,38
