图片URL地址,作品名字,作品类型,人气数,评论数,点赞数,作者
https://img.zcool.cn/community/01d6a45e777dd8a80121651895025e.jpg@260w_195h_1c_1e_1o_100sh.jpg,王者荣耀青白蛇皮肤H5,影视-Motion Graphic,1705,9,66,恬叔叔
https://img.zcool.cn/community/activity_cover/53f55e7801d40000011f3fd747c0.jpg@260w_195h_1c_1e_1o_100sh.jpg,描绘对你意义非凡的“植”物语,活动-线上活动,2151,无,190,站酷小Z
https://img.zcool.cn/community/01cab95e773133a80121651826e516.jpg@260w_195h_1c_1e_1o_100sh.jpg,《鬓边不是海棠红》插图,插画-插画习作,10194,52,452,才仙插画
https://img.zcool.cn/community/01f90b5e772fa4a80121651812e0b0.jpg@260w_195h_1c_1e_1o_100sh.jpg,头肩三把火，天黑勿回头,插画-绘本,4570,40,482,叁眼
https://img.zcool.cn/community/016b9b5e742794a80120a89562bc58.jpg,教育行业精选图片,特别企划,无,无,无,站酷海洛
https://img.zcool.cn/community/01ee815e76fcf9a80120a895a8ae76.jpg@260w_195h_1c_1e_1o_100sh.jpg,PRESSURE DREAM,插画-其他插画,3842,11,187,YIM野姆
https://img.zcool.cn/community/0155345e772b0da801216518525871.jpg@260w_195h_1c_1e_1o_100sh.jpg,尚巍手书,平面-字体/字形,4308,19,95,尚巍
https://img.zcool.cn/community/0120695e76fa65a80120a89524fd13.jpg@260w_195h_1c_1e_1o_100sh.jpg,2020丨LOGO集,平面-标志,8148,65,271,Der炎
https://img.zcool.cn/community/012f3a5e75e2caa80120a895a95ee4.jpg@260w_195h_1c_1e_1o_100sh.jpg,王者荣耀 【抢鲲大作战】,插画-商业插画,2840,20,158,YOUNGIKE
https://img.zcool.cn/community/01fa505e762eefa801216518243686.jpg@260w_195h_1c_1e_1o_100sh.jpg,Hello~奇九蛙,平面-吉祥物,4310,89,591,老火炕
https://img.zcool.cn/community/0122235e771f24a801216518d44f7b.jpg@260w_195h_1c_1e_1o_100sh.jpg,一起去看花吧,摄影-人像,12136,21,207,徐八喵
https://img.zcool.cn/community/0315e765e7607e8a801216518cc7274.jpg@260w_195h_1c_1e_1o_100sh.jpg,楚歌《虞歌》,插画-游戏原画,4394,24,298,徐子晖cicman
https://img.zcool.cn/community/01f85f5e75a448a8012165187eee4e.jpg@260w_195h_1c_1e_1o_100sh.jpg,食物健美大赛,插画-其他插画,4023,50,644,约翰强尼
https://img.zcool.cn/community/00d5075e759035a80120a895b49b30.png@260w_195h_1c_1e_1o_100sh.jpg,iQOO未来科幻机,插画-概念设定,4719,32,250,咯咯新生
https://img.zcool.cn/community/019ba75e759fb2a80120a8950fdeb3.jpg@260w_195h_1c_1e_1o_100sh.jpg,为什么你拍不出故事感？8个实用技巧让你用活电影修辞学,文章-教程-摄影,7917,16,468,七七小菇凉
https://img.zcool.cn/community/0150085e749129a80121651834b752.jpg@260w_195h_1c_1e_1o_100sh.jpg,给宝宝的周岁礼,手工艺-其他手工,2854,15,72,王丹青爱手创
https://img.zcool.cn/community/01ea4a5e7473ffa80120a895dd86e0.jpg@260w_195h_1c_1e_1o_100sh.jpg,日常小事一件 20年3月篇,插画-插画习作,5415,20,301,宁大侠
https://img.zcool.cn/community/0122f55e74648aa801216518d3ef24.jpg@260w_195h_1c_1e_1o_100sh.jpg,巴德岗,摄影-人像,10131,32,307,摄影师蝈蝈小姐
https://img.zcool.cn/community/01ddfc5e74bb3ca80120a89533fb49.jpg@260w_195h_1c_1e_1o_100sh.jpg,为什么交互设计能帮助产品解决问题,文章-观点-多领域,7140,17,265,应骏
https://img.zcool.cn/community/016d025e749187a80120a89543339e.jpg@260w_195h_1c_1e_1o_100sh.jpg,女性向设计中的“实用美”—《食物语》视觉包装设计思路,文章-教程-多领域,6143,16,281,腾讯游戏学院
https://img.zcool.cn/community/015f505e746ee8a8012165182d6ae4.jpg@260w_195h_1c_1e_1o_100sh.jpg,腾讯跨界联名公仔 QQx一人之下,工业/产品-玩具,6199,39,221,TINYBRAND
https://img.zcool.cn/community/01262c5e745756a80120a89502993b.jpg@260w_195h_1c_1e_1o_100sh.jpg,Giant 2,插画-商业插画,6744,40,351,Tooth611
https://img.zcool.cn/community/01118f5e749b12a80121651809b463.jpg@260w_195h_1c_1e_1o_100sh.jpg,FStormRender工装家装作品,空间-室内设计,10944,32,278,大师一号壹哥
https://img.zcool.cn/community/0148a35e738befa801216518949ed6.jpg@260w_195h_1c_1e_1o_100sh.jpg,iOS与Android设计规范解析（一）,文章-观点-UI,8616,14,338,UX设计笔记
https://img.zcool.cn/community/03145aa5e730daaa801216518c64e45.jpg@260w_195h_1c_1e_1o_100sh.jpg,正反,摄影-人像,6874,26,170,Youth疯子
https://img.zcool.cn/community/0161685e74335fa801216518ea217c.jpg@260w_195h_1c_1e_1o_100sh.jpg,详情页,网页-电商,16299,143,925,谢小董
https://img.zcool.cn/community/0106ce5e7429b7a801216518a6e190.jpg@260w_195h_1c_1e_1o_100sh.jpg,Bright的手写字体,平面-字体/字形,12370,60,512,Bright_Woo
https://img.zcool.cn/community/01c9bd5e741c42a801216518a51eaa.jpg@260w_195h_1c_1e_1o_100sh.jpg,Vietnam 110 Apartment,三维-建筑/空间,4417,42,204,AngleError
https://img.zcool.cn/community/0199285e73babaa801216518cb7fd3.jpg@260w_195h_1c_1e_1o_100sh.jpg,安踏 x COMOON：泡泡踩上瘾，裂变升级！,影视-宣传片,8794,19,250,COMOON
https://img.zcool.cn/community/01c4155e7384a6a8012165185e6078.jpg@260w_195h_1c_1e_1o_100sh.jpg,《818汽车之夜》动画片头,影视-栏目包装,6628,20,139,RPLUSDESIGN
https://img.zcool.cn/community/0180d65e738583a80120a895f0dcc0.jpg@260w_195h_1c_1e_1o_100sh.jpg,春天来啦! 打包上传2019!,三维-动画/影视,29726,28,718,CHENsuosuo
https://img.zcool.cn/community/01bb2c5e733004a80120a895805b96.jpg@260w_195h_1c_1e_1o_100sh.jpg,《肩担日月斜昆仑.青刻魂.葡萄绒绒》日本颜彩-人川集,插画-其他插画,15148,34,362,白中南
https://img.zcool.cn/community/019f2c5e73392aa80120a895f7c9a0.jpg@260w_195h_1c_1e_1o_100sh.jpg,B端品牌如何面向C端用户,文章-观点-UI,7854,11,207,烨辰_Designer
https://img.zcool.cn/community/016cf25e72e548a80120a895b1bd43.jpg@260w_195h_1c_1e_1o_100sh.jpg,2019~2020《周末画报》合作合集,插画-其他插画,12329,31,544,孙璐哥哥
https://img.zcool.cn/community/01e1c55e72e28da801216518404f40.jpg@260w_195h_1c_1e_1o_100sh.jpg,《瓜里撸猫》,插画-插画习作,15021,37,864,狐狸狐狸鱼
https://img.zcool.cn/community/01b6b05e733441a80120a895debff1.jpg@260w_195h_1c_1e_1o_100sh.jpg,【萌芽熊】春日好运正在派件，明天不来就是后天,动漫-三维动画,3621,24,195,萌芽熊DooroBear
https://img.zcool.cn/community/01d71a5e732b0ca8012165185b94c5.jpg@260w_195h_1c_1e_1o_100sh.jpg,解构-版式设计中的“表与里”,文章-教程-平面,13914,65,908,设猎派
https://img.zcool.cn/community/01f55d5e7326fba80120a89532aca6.jpg@260w_195h_1c_1e_1o_100sh.jpg,非人哉545-546,动漫-短篇/四格漫画,9935,46,605,非人哉漫画
https://img.zcool.cn/community/017d575e730516a801216518540d38.jpg@260w_195h_1c_1e_1o_100sh.jpg,恐龙RUNNING 第二辑,动漫-短篇/四格漫画,7786,57,585,草木虫
https://img.zcool.cn/community/01530e5e72dba5a80120a8952fa455.jpg,CG绘画怎么学？,学习视频,无,无,无,站酷高高手
